x1,x2,y
1.85758499999916,2.49212128949795,1
6.07480657263581,5.72783294091622,0
2.54699527057026,2.65695546194144,1
5.32364350934879,7.51059870892258,0
2.41564629688642,3.73108850952938,1
1.48782226229148,3.70028909101252,1
2.83037575705784,3.45518411094591,1
1.92112210211537,2.05049390339747,1
3.13890680192629,3.66196331865406,1
4.10847589067033,6.71677495544556,0
2.48423897632493,3.70601387927423,1
3.24204804763742,5.73828702111853,0
3.75294777866491,1.8350619972479,1
3.25224463453296,4.26141677340703,1
7.16335647015398,5.452316967764,0
7.1280170323819,6.39358060905238,0
6.69929227729348,4.58883119148568,0
7.30207959595308,4.01430050313372,0
2.02742338298711,1.98621520745763,1
5.13666877234879,6.18974623074962,0
2.11681841672368,2.4219971396217,1
5.58588616068297,5.90114807676607,0
3.08777080962936,4.7255563039219,1
3.20749302384249,4.39867883157662,1
8.33890395284765,5.92355196720236,0
1.98394936581749,3.200463229872,1
6.05236834432106,7.04447680511905,0
2.22407716527141,2.34145800502105,1
3.31191615248399,2.42576356380173,1
1.75621356563341,3.19543800694759,1
5.84114305296484,5.89725058069379,0
1.88407004939372,2.07077283478555,1
7.06021581869519,7.0367966758791,0
6.6015227700397,4.85910806008859,0
6.24909535497075,6.11626876770328,0
5.8715314834134,4.95063832873469,0
5.46544098638221,5.66000086023688,0
5.00712379335294,4.88579326468269,0
4.38959753343876,2.53788581134601,1
4.31660971231847,4.4467484831843,0
0.107898775755949,3.10843245928418,1
1.89927146180357,2.19073312560809,1
5.4308786787421,4.74118887312022,0
7.43505754170546,5.63140323632844,0
6.6393193347917,6.63359507273392,0
2.40418779776969,3.74069962047892,1
4.51000499742638,6.61611548913095,0
2.8507852620305,1.36649187054721,1
0.285585471117126,1.22324002325109,1
0.918927628104332,4.55349023583592,1
1.72666002783386,4.32865526698879,1
2.40767768640381,3.3522879574513,1
8.01717614985416,6.69041047248819,0
5.90047191324029,6.45014717036633,0
3.4406144176386,4.86185466333404,0
5.4135964239108,5.32541999799416,0
5.9924389786672,5.80166767888725,0
6.37667049771029,7.33688069176903,0
5.76063019661441,3.65756606780448,0
2.95951260580078,2.60881242127441,1
5.35523285898936,6.34327960911274,0
6.35425359425933,6.35438254411563,0
0.747037466189806,1.53136795539885,1
4.28720056980572,6.83856150482993,0
6.72943847796562,4.72794948916028,0
5.52644598602152,5.12502267094727,0
5.17824394763751,6.27875145077804,0
3.57110914341464,2.10406977544691,1
6.71962098593215,7.30466306345624,0
3.27420589665088,3.5454051880393,1
5.49820167486731,6.11778752687175,0
2.21497360409971,2.90370075825364,1
2.76542501677749,3.99133639158545,1
7.92719155333912,6.03240962607068,0
3.08797660390578,2.22819382738729,1
3.67825061116843,4.62934630078071,1
6.58160404052734,4.91791910115488,0
6.20967928961108,7.29976748920638,0
1.89853801949552,3.23561692845436,1
5.03364844067931,7.06197769674354,0
3.59198845677363,1.68959890088725,1
6.3181215043125,4.82749024572286,0
2.30458185641707,2.65928082942134,1
5.23576415027141,3.88897667647866,0
2.70338837775459,2.59229832546162,1
2.32796652871967,3.79713186463839,1
2.10093970168954,4.57156770753707,1
6.35407573071451,7.24815759548863,0
5.97354395811646,6.11029119596335,0
2.57449699258733,5.65893315619543,1
2.53507176140795,2.75930308417379,1
3.04043585141575,2.87821122133559,1
0.914684301315509,1.83286911543039,1
5.61510536324073,5.98355451367834,0
1.67792071514809,3.88259160241369,1
7.15310935905598,4.65224509888932,0
7.32809355911158,5.9223759696941,0
7.47784082156219,5.92005091886877,0
6.09446970713478,5.21321339445332,0
3.48885316166922,1.61059543182934,1
0.354170098391378,3.41369398325472,1
3.60117909843687,3.70616525983776,1
6.37921476496771,6.67977100369684,0
7.86549458089071,6.99682202830638,0
6.07926536515936,4.66845451322285,0
1.184939005882,3.34046715023763,1
5.09105939428096,7.24954906767535,0
2.3420157448058,2.10690375907248,1
5.25067256793807,4.57773530768265,0
1.95654580478346,3.0947757853201,1
6.41980731121827,4.48761551853671,0
3.0140330003945,1.96727797308951,1
1.54358076008287,3.39289311195644,1
0.783568613372444,3.76371021050889,1
6.63778976284781,4.61949423746203,0
4.85462370198946,5.67522776505294,0
7.17244624198692,4.31542009594429,0
0.880348321952916,2.19483413804173,1
5.96595327090567,5.0677959848646,0
1.91239821074928,4.32058849835905,1
1.10791195482377,0.982616466353007,1
3.76240533073141,1.65103115638618,1
6.99945926855654,6.72451282604253,0
4.89243863060968,5.91860639379051,0
2.40908029037581,2.46469619313708,1
5.62920960292611,5.3180788530113,0
4.16634084142309,7.48143046440879,0
2.03723540613658,1.84324032061591,1
1.41510191617834,4.63319182054251,1
2.79961855762302,3.94065793992212,1
5.38145383111273,5.19554122378844,0
4.07552694436336,6.7870930036661,0
1.71300331670295,2.74700765075366,1
1.47968794400048,4.43614328649047,1
2.90333900737215,4.23333406201279,1
0.543149603749632,2.22496284773754,1
-0.479391097347751,3.70974209721579,1
7.13858701325873,4.24306306717731,0
7.39259804015573,6.11840838248713,0
5.77158031398348,5.81313637258646,0
6.4912380635347,5.32818855180582,0
2.25931409265642,2.99435337457052,1
6.86179640990023,5.91632190589599,0
5.76264358728686,4.58903155694221,0
4.7100350602145,6.22306515890045,0
3.72781931903895,5.84671399341184,0
3.39498933214079,2.68601719744681,1
6.34114618566485,5.61962212272414,0
1.41137567515146,2.5499787554504,1
4.14092571077595,6.8861874567812,0
6.78933375464306,6.13740553011055,0
5.68032963669803,3.98988073951628,0
0.490204826734066,2.72675147607821,1
5.65281373105634,7.80069932881612,0
1.61450968768384,2.59029003805393,1
3.7857997509623,2.12593600405699,1
1.02082454156443,3.3062731715994,1
0.726076742149391,3.22194280914045,1
6.07504005256475,5.86458913649437,0
0.995450721757381,2.25911527647159,1
1.04085126704123,2.5741216494197,1
7.53114169929483,5.47077667734371,0
5.76304523131827,6.05875873112138,0
4.08615193221323,2.99195722966598,1
5.2065808175744,6.67107044895691,0
6.95560096299685,7.71320209384449,0
3.33462622079259,2.48173090167135,1
2.1230015357104,2.95875311124135,1
2.10312812625599,4.4273109561975,1
2.31152238444006,1.54830733542559,1
4.70662193200921,5.74346443446856,0
6.84291397488544,6.04247751245636,0
1.54591522320221,3.81724618901903,1
0.535590945749944,2.12483158873889,1
2.13799340323031,3.67503862107548,1
2.87700134534745,3.68030219363571,1
6.69075982453853,6.0643363829741,0
3.23729326617116,2.00144286452682,1
3.4256067349237,5.52240773432637,1
1.29173682150186,1.42457585902315,1
2.28197604507341,3.3676563223997,1
3.84245273758402,4.43512711532051,1
3.46978256571897,2.29172830049632,1
3.32882057103381,4.24119617191269,1
7.58601086114421,4.94072232781075,0
0.890532321287456,2.66421406519507,1
5.3398425012167,4.78264436929224,0
4.51152541130715,6.60809415616853,0
1.2910516953871,3.92229817494607,1
4.86542034962388,7.69717493154732,0
2.78606380228649,3.01162213779351,1
2.04424767456832,2.07653011517862,1
4.01909163300646,6.69419619767647,0
2.62472442849642,5.4656129247109,1
0.563394218513649,3.07969899301859,1
7.40970666676434,5.43732052151498,0
7.63699514558335,6.8523552070323,0
4.79717977292894,5.3706670521431,0
6.82730120216463,4.69277868307399,0
1.56332620954313,3.77477243118799,1
6.06689834642873,7.50574533053098,0
6.17202276165753,5.40528104335921,0
3.2539040731078,3.75178344107147,1
-0.0512390667643183,1.50022653989864,1
6.85432124421948,6.16138921610126,0
3.75096524847027,1.99627560416911,1
2.66795310010151,3.33802472369936,1
4.8015671889425,6.00589274646383,0
5.71868868126613,5.925013011309,0
0.82342854623394,2.97688629230076,1
4.86377416264178,7.88326509024725,0
7.41749067110191,5.16924174975991,0
5.4644079787422,6.01153128543749,0
5.85091031353163,5.65048673020147,0
2.48273896799367,0.742650277012853,1
6.1857833085924,4.42828040283036,0
1.07954126970927,1.50107896178581,1
5.78300004726788,4.87648859510375,0
2.56598117959796,2.84382772531144,1
7.98005124622232,4.23761333689492,0
2.87608084755679,1.57277792953723,1
7.65724730289839,6.89735122520729,0
2.12156486153923,3.51674296862756,1
5.62351620341473,4.40828399986273,0
7.11080024190277,5.96986973189931,0
3.49234660806647,4.92806062042766,1
5.09465338334105,5.42428555905658,0
1.0479953492755,2.05759878827182,1
2.71640380086939,5.20523386498254,1
5.27050439039244,7.2385302804035,0
1.11200593684468,4.00531657313262,1
6.00533449974154,5.3242030894815,0
3.25278271763541,2.52376992118201,1
5.47113888946132,8.25617642498423,0
1.87697947112165,4.22281519109623,1
7.14464123722008,6.10287860158397,0
4.62297619493202,5.87029478651176,0
1.50322680321968,2.23018775613715,1
6.41781833287966,6.076994178718,0
2.02563070000452,2.22081889319788,1
3.79651261616354,2.59559428677682,1
1.18634360812291,3.34200995457655,1
3.28307208810287,3.71810587733246,1
6.82379800378829,4.65976763363967,0
3.56887688766754,3.99062866904317,0
2.96948979222099,3.20691365321627,1
6.12025730333355,5.62179862036411,0
3.10637149803859,4.29932862258002,1
4.88920784100616,5.1779790733022,0
2.27452478416005,1.99356729922667,1
6.75685918506028,4.68071813882514,0
2.5046174993616,2.47326419377931,1
6.49115648835652,6.68503506799237,0
5.61169716741146,6.54798259083702,0
1.80427177991263,3.42880581284472,1
5.55421864132496,6.37408532319726,0
2.33151074228998,3.23448852706465,1
7.70102724967549,6.78669848241615,0
6.09082662322422,6.71686199563493,0
5.60533759146514,6.09813031566507,0
2.59025205531313,2.82863351890315,1
2.46418723969537,1.7850464225616,1
7.16548475564184,5.79466686848703,0
2.62585093715557,3.99746379384829,1
5.15758641332865,4.33668299512432,0
2.60311170523024,3.90580341197569,1
6.02130891840233,6.74818552324563,0
5.78705406186551,6.73706694613628,0
5.81116617115841,5.2599910470708,0
0.570223762673073,3.39224852971246,1
5.58424244746605,6.72278585007477,0
3.1634597778936,1.84950735438857,1
6.40540163412982,6.88937625116518,0
6.25319444891407,5.08252865170922,0
2.4339087405439,3.23560192019422,1
3.35413367735444,2.43699139915757,1
2.42112441352562,3.18904890095988,1
1.26125843070191,5.19592782627211,1
1.62144290587207,2.11669604816051,1
5.65116985815948,7.48161011694609,0
2.88004304860401,4.58446999677079,1
4.23342789475064,7.30371177680058,0
2.75254879987013,4.12739536865328,1
4.3315050816784,6.08621104415631,0
2.59215038880321,4.31770350666771,1
7.98694271650028,4.61571960788642,0
3.3537576917762,2.08905696452225,1
0.900436303858888,3.61133172601999,1
5.63140187868971,5.92217378924951,0
6.4043342270896,5.3167599549503,0
2.26969682605135,3.3418092899882,1
2.50290220086501,2.7843496792297,1
2.16139317666144,3.43315355813223,1
5.05298557825577,6.52696589281536,0
6.12940121628266,6.13884585432542,0
2.14790535333538,4.11511463881944,1
0.920166554861633,3.56894411603753,1
6.07522641110139,5.56070205591377,0
2.82579196455917,2.89641365408362,1
2.45694302925067,2.00519039925461,1
3.83620776074599,3.92925876908911,1
1.56157465411272,3.25490877925286,1
2.49898106971313,3.63769769534191,1
2.70304394787397,1.56929652015508,1
5.85683559431568,7.38413207961149,0
4.97063119901995,5.27646571755573,0
3.74918398177797,2.23793165729919,1
2.97705742927605,3.45144209485135,1
0.866903687797159,1.66929290858994,1
4.45276112883899,6.45438226160204,0
3.31614498708936,2.5819039059576,1
3.88398127089585,1.95894486350483,1
2.25312351576094,2.69283825370882,1
6.40529097233568,5.89209607827584,0
3.40992651594795,2.98116447451936,1
5.87793673064527,5.14948520323347,0
2.69019126891664,3.34316705021647,1
1.98371125108396,2.31800896964117,1
5.33381988974872,6.66794786083211,0
1.53716894783814,0.899184672432827,1
5.50713269579242,4.0564059289433,0
1.18435666416572,2.48100395455824,1
4.58972774476886,3.09120142901987,1
5.59735742447535,6.18375388620322,0
2.99478049211443,3.14356183365911,1
3.64229269594232,6.0227909873405,0
5.02246969975091,5.64834189366627,0
1.10873702684341,2.23390873469517,1
2.04900370380007,2.81329907509881,1
4.95564451649895,6.75497431640443,0
2.83875673481817,2.17071248264412,1
3.91130748680197,3.46274024580898,1
6.9241612131736,5.31726653522482,0
5.62626261566736,5.38472868470907,0
2.38135411502933,5.34103475288959,1
6.57316616990545,6.72127710757345,0
5.02025219001736,5.79089872466971,0
2.34017723311506,4.15406728915477,1
3.44024433003548,1.90872622213666,1
7.38601566725082,8.46685885986276,0
6.62088409768204,5.594701975354,0
3.04747423859419,1.98002090274167,1
6.19255090379886,5.71317427944877,0
6.95531051623126,6.80094185263706,0
3.0395333226472,2.19232896085471,1
6.68660266895667,6.95131605825013,0
2.48414375554431,2.79906609720913,1
1.37051679944805,4.12837127686881,1
3.72176048875333,5.83038285466902,0
1.97469646216413,3.08756408346624,1
4.44738052648784,5.22659965332795,0
1.86184091719155,3.58202520674708,1
1.99379682700584,3.83090597280394,1
3.46683190185987,3.53655287185634,1
1.95602764082683,4.40084978114812,1
2.22345211244365,4.08146479375373,1
1.61528336292129,3.46888797901891,1
1.03138026239354,2.70326927599898,1
4.66044933309745,4.45908554519016,0
5.51799527468715,5.57132971560601,0
5.67888064557886,5.96042940542278,0
6.48608865688875,4.80859015428339,0
2.63778905409367,4.66449499238013,1
5.89566752530494,6.03961707255654,0
5.90916565021911,7.83013480077052,0
6.69026529934396,6.18704842930715,0
1.3393777872721,2.5167564223949,1
7.69782225542188,4.67584770705152,0
5.15995222394265,6.51617191678177,0
6.13749934325283,5.82363382228654,0
5.64340107958101,6.84079599394854,0
3.26455070873731,2.5292327541908,1
4.47161822898367,4.93121327185225,0
5.96148065121457,5.90097379181004,0
5.84443866910848,7.35147883593958,0
2.56388968892998,2.52543156108856,1
5.86163653132127,6.94362503986053,0
0.384377311980485,3.78471658999066,1
1.61893745024922,4.36558301395167,1
6.33493875786128,5.86256224939975,0
0.662205202699368,1.9567825483865,1
2.35437210892769,2.58169830229859,1
5.60984472182116,5.41046922035405,0
2.11363410686971,3.5149881649234,1
6.840021422603,4.08115206507625,0
1.65860883156752,2.77083689637597,1
5.63214156972306,6.91837763456185,0
1.35604652495337,3.96926085445214,1
4.7750097880632,5.82174302536031,0
4.71832788029092,4.44430725840777,0
5.97233452521671,5.48272952232141,0
4.64872999646476,2.86342294878961,1
6.08997633521814,6.09989559401791,0
2.97736929490151,4.0726444488992,1
5.17962978911008,5.71503699239381,0
6.16588928811601,6.12611595274272,0
2.16197730853814,3.81504050196441,1
5.05540599044591,6.16175428386917,0
4.37016094738627,8.51313926209523,0
5.71064377224765,6.50354773049325,0
3.02631076851003,2.72778420254908,1
6.40768974393075,5.97669139025416,0
1.52693695443708,4.61496025266357,1
4.3862791467088,7.06395328571277,0
5.13615290641013,4.35161500306072,0
4.55707630640617,2.93300927525655,1
2.8385533199898,2.59766858314361,1
0.942385940920607,3.13911432385455,1
7.04527054895145,6.54955531582892,0
4.95729011590557,4.44506099045044,0
2.03565304274094,4.03811050733882,1
6.3339973064815,6.91136070025245,0
1.47360071140682,3.01724116176354,1
2.34264127131462,2.91642634379658,1
5.92465585308162,6.11397345356182,0
3.42493279505574,1.34450013673811,1
1.45383372201969,1.80186397866688,1
3.98113168782173,2.37384703199635,1
4.21275086055507,5.62299400640084,0
5.63536814869256,6.02401281492801,0
6.97143503465985,5.30557876182409,0
5.60436505806822,7.54826662391077,0
4.03877484905396,6.2402058341742,0
4.44199828454779,2.31089595767855,1
1.57837476384078,3.7463013116671,1
5.55553124467191,5.987197860758,0
6.22720295300317,6.77532407470892,0
2.52277688967731,2.47433096597274,1
6.42935219033624,7.41989110174853,0
2.36859957305364,3.3498728809521,1
2.87057020604537,4.82559685303925,1
4.95300665154208,2.50013321524638,1
6.76684326470021,7.87634600278135,0
8.94005603577809,5.80200347061365,0
4.96684020339616,5.61201748722384,0
2.20438424503198,4.78555899707092,1
6.54825963932622,6.71176832950379,0
2.74824238405826,3.4928801655676,1
1.54192986518566,3.56313182137681,1
2.49199705350151,4.35170165839267,1
6.35424130170268,5.25603540392096,0
7.62427963261664,6.27988824057274,0
5.14206987105804,5.65871634514426,0
3.16337301070139,2.34948341163062,1
5.32251230394398,6.08575377550093,0
6.23728285903409,5.54004020277975,0
6.57786514810179,5.82229831536197,0
2.72796249795438,2.46161210661457,1
1.97637084051776,2.99590394177877,1
6.96168676277104,7.87041542695244,0
6.16281136260076,5.07198144909645,0
5.34163165413184,4.75463028412073,0
2.1655539448186,2.62196123265993,1
1.37803586187365,2.9010540914039,1
5.1085850715279,2.63869691780676,1
5.68454772090253,4.54852641272293,0
1.34643681035125,3.55612078903829,1
2.17233410711102,4.09152139134865,1
5.50217212954705,7.11577454378316,0
2.06229462788927,1.7372932174578,1
1.84957574190561,1.3638468776761,1
5.12928406514612,6.41411911871144,0
3.38148321586722,3.63729574674593,1
5.95331541279323,5.75290065078274,0
7.23286131122081,5.6836833400295,0
1.56537309068716,4.16991836073156,1
7.0394591763644,7.67753533528313,0
1.71923879600633,4.28014079062556,1
1.25030898834354,2.35422852633577,1
5.7932107274674,4.87247127114734,0
4.35995212992483,5.87598794657178,0
1.47452998741045,4.15989518769555,1
6.35760921242955,6.44496835023093,0
7.89243128490493,6.04002180200331,0
3.41247029389213,3.93752860581613,1
5.64076068426026,6.54863875309946,0
5.35461491703807,6.14659606209397,0
0.94421344497411,3.17108149954714,1
4.61819590109352,7.94971972596723,0
6.29325657358934,6.19647183634473,0
2.68880293431823,3.30455983297984,1
1.51767146443293,4.41547248734313,1
5.99428361256122,6.99978218538925,0
5.74213609074276,6.40494933786929,0
3.27250801355239,6.15078588556497,0
5.3508501386413,6.91715831512643,0
1.19634269577022,1.42786313731135,1
1.37529998238994,3.53139570532239,1
2.09167845705298,4.04845339205865,1
3.84199537978385,5.03941041002222,0
7.15591795929142,6.20591678669755,0
5.75771422387894,4.47701725217585,0
2.67270455410878,3.44174521648687,1
4.86098620722152,7.35231401299651,0
3.66101926206246,2.52228695368999,1
3.56735058710393,1.01267622720676,1
1.88328317498429,1.99185610209036,1
6.46419797725541,5.96455112286214,0
2.55454723249786,2.18680857244022,1
3.24582255627522,7.12181022879119,0
1.52630665486853,3.83710442669598,1
2.69027168700323,3.81493475133704,1
3.57918723079733,4.35677031575817,1
2.97191485627249,3.54506607004503,1
6.90946062559374,7.67233743116383,0
2.51386274619554,3.35040528715867,1
5.93151055594368,5.2506534707335,0
5.18179901930585,5.60831557968167,0
0.546869434326064,3.72868793890462,1
0.792950551699961,3.55080715258989,1
2.87695401871,2.54615611661251,1
2.43061938468954,1.537129831638,1
6.41441599694793,6.47327473389491,0
0.531687367104496,3.22067980745192,1
5.69430569783992,5.51176676937538,0
2.11312905774318,4.44689950332805,1
5.68565592042843,6.16571949630766,0
0.461026475386945,4.00452219034557,1
6.68870087197906,6.69675197793163,0
0.843151239249509,2.34173922240793,1
5.29635144758303,5.99559732308054,0
6.80563234129207,6.13290957777177,0
2.53159907125392,2.40150174300095,1
2.29903589856927,2.50884027979002,1
6.91622633654131,6.17899720793067,0
1.29090199650012,4.14073774789891,1
2.17192142802347,1.79445333117972,1
2.46472661048015,4.25443143590691,1
6.77778704624037,5.8387764292709,0
6.12135494210277,5.35319392584179,0
5.38914471727316,5.42902900391446,0
0.944370136155769,3.49605638442414,1
6.83401462535231,5.04356507915813,0
4.38402635379839,5.60229077437467,0
5.75404019422074,7.04305979381178,0
5.73679938856439,5.00688617656331,0
5.0517479699409,4.99059186711773,0
3.3730881315053,5.4541105838091,0
2.18033962670383,2.01609195754854,1
2.32818517550338,3.19041212458319,1
1.31760680761003,2.59009135498331,1
1.86570998433052,1.87940354213494,1
1.99965818708878,3.52773606269221,1
4.97322316852262,5.58083869349505,0
2.5804274461944,1.74788431705674,1
0.731341668948217,2.648996309984,1
1.61665512877471,1.72360175195242,1
3.42572082928465,1.81895047174358,1
6.41539957874237,4.55786379119776,0
1.13026298894827,2.01257991472717,1
6.44319540560204,6.94375102537451,0
3.30034884124295,4.64710348105739,1
1.58889572991025,3.26090756219781,1
6.31380815713681,5.09987022161838,0
5.83127078333236,4.80910080144573,0
4.81557730795957,4.05303618941465,0
3.48558233756664,1.73132354201629,1
5.40498195844625,4.48108928410746,0
6.14929089790261,5.81448089836309,0
5.3028882080279,7.48421613034767,0
1.92246736825726,2.75165437344816,1
2.36194238085449,4.64931955729818,1
3.08409032947361,3.22911654710898,1
0.0897298308289183,3.439140623774,1
6.39188659417139,5.80547425620957,0
5.8152841515475,5.63911661745577,0
2.57408481608108,3.88974530703314,1
6.9768447926411,4.87647011158029,0
2.50098385220576,2.01101243749724,1
5.62721414207926,6.97622098682378,0
2.06576905659447,3.43592241330708,1
0.61990840046385,4.09356063065999,1
6.86268250654709,5.95782929167091,0
6.27716185751781,6.08438218295452,0
6.21706203241245,6.57863015380228,0
3.85168991128796,6.19448047189603,0
2.6735532842691,1.67436458466454,1
3.26870894942409,3.59403143395827,1
1.22978870218915,3.78310973026043,1
4.38190933879619,5.63576138159807,0
2.68350898945014,3.37969650015276,1
0.934006209827896,2.60719694691906,1
5.86949339091102,5.87249919423237,0
2.75059585391986,4.59969152711491,1
6.63159049166444,7.93376236126977,0
5.64789430564496,5.50524262239406,0
1.37600821297403,4.82762635617756,1
2.56298446660658,3.08180091939863,1
6.08518381809632,6.12576952635105,0
2.00016804339183,3.25166321453988,1
1.99683331590309,3.13531501631402,1
2.38650299081678,2.87554761671754,1
2.63109684969588,3.21302159441857,1
5.57107221548001,4.83042985861934,0
2.31605856218123,2.26611405638646,1
2.36398384321131,2.54252889081424,1
2.90547655046788,3.06251504480298,1
5.32670296057753,3.61975553413903,0
4.25373405307934,6.94594245466267,0
7.95913165503182,8.16692298307093,0
0.0462890590883984,2.6884637321956,1
3.62667349037512,7.35028856841927,0
3.21528698186783,3.56803751967432,1
7.19899414756613,4.53192463101939,0
1.78081591658767,4.78795381135678,1
3.41582647736088,2.59261857040103,1
6.80870137791881,8.55189630666379,0
1.86006802848019,1.86712486172556,1
4.86152257102862,3.95211891271984,0
6.38762139418011,6.48981049684792,0
4.36376376207197,1.60549005553434,1
3.38790366601759,3.97935757746827,1
5.8570075514551,6.00223741088756,0
6.50109578649094,5.12608036976582,0
6.23438341524015,5.56590283841946,0
5.93562725543615,5.98725612622576,0
4.58942713220941,3.93388319170226,0
3.71867047498269,3.40567609619917,1
4.37271706252682,5.95923059425945,0
2.79989848475986,1.33403062697934,1
3.37611099027271,2.51471977682193,1
2.23751106958668,3.64655025969005,1
1.56968384197329,3.18694892841713,1
1.3056876704385,5.68350332727001,1
7.38028577397831,6.53720443399361,0
3.01659502682369,4.02731374132417,1
0.895325617624651,4.55399999206028,1
6.1800679301711,6.90125877090079,0
2.92322849967177,2.16234964935909,1
5.49283466521612,6.12179459973451,0
2.98689546550239,1.71913287084224,1
1.21684280653609,3.38390961346856,1
4.89720413146628,3.34055583167439,1
2.1681531592554,3.08447849864677,1
4.8236758746141,6.23200088805818,0
3.54849503258859,3.59613684037997,1
1.20712401464218,3.56574135403046,1
7.83063191989697,6.68396387009873,0
6.92957619406029,5.60602212220174,0
3.96388895426808,5.78664370767167,0
6.08415358323087,5.95496504662923,0
6.81745827288084,6.71343939839406,0
2.57509840399505,3.31775564651096,1
4.25313833189199,3.45686746160598,1
3.00393923194208,4.80950815698978,1
2.06365808710546,2.93957120488081,1
6.05040736493614,5.37265591685918,0
1.22456740835529,3.18390846021973,1
2.4864925823044,1.53024543722701,1
4.87607979868251,5.91658223694831,0
7.5176364561342,7.0369453296739,0
3.02366174258573,3.14280776711847,1
2.51435083980355,3.37673094411473,1
5.88931408233804,5.34541752530429,0
2.84760080080274,2.33525749323535,1
5.19283365103354,5.32170829180783,0
5.97061383022042,5.01571899364691,0
5.71801092864812,5.74885228178413,0
2.11551374076228,4.57017350523904,1
4.54145238731486,5.21163845019095,0
0.816365741815218,1.11802255987156,1
5.67459076997764,6.74806068145328,0
1.37291565498844,2.88193200679343,1
8.26639231098482,7.74459876672142,0
3.8465491929167,3.24705926451104,1
4.58071262388852,6.0946091454163,0
1.52174140493582,3.91057141877979,1
0.623084421613084,3.89239495093895,1
1.8952032190845,3.16867582082972,1
6.22308479324529,7.41175726224411,0
4.11409357472432,5.88002338684557,0
1.16254111600907,2.26626629532812,1
7.28085651782146,3.84430043444211,0
0.943888322022597,4.31497376509149,1
5.67222120357348,6.4067321356402,0
5.6724412518334,4.9754697720662,0
5.92969010659809,5.4810189101343,0
0.716935051627546,3.75596676027896,1
6.38467101222675,4.46727915550765,0
6.41129861289931,4.72548548622347,0
4.9489311673382,5.75021629133434,0
4.1739250275384,5.25094549491089,0
1.95448718757615,4.46104823035458,1
2.12940790930911,1.4891199036609,1
1.39498684099884,2.33952117067253,1
5.18979629588879,5.12842999785731,0
1.43853601794161,1.33077074805374,1
4.92281065577386,5.3108359784722,0
1.1873153925736,1.57751006621153,1
1.96524291721732,1.93892203463067,1
6.14329870810653,5.12474318041307,0
7.28477576799467,5.02643139594067,0
2.04545625233619,2.7402069447936,1
5.97521751544239,6.07365609848215,0
1.60556890360294,4.47661892967356,1
1.40747602890806,2.51023726825033,1
6.14110801412758,5.81653673806766,0
3.05187609086484,3.03054046863806,1
6.25286156707054,6.49890446070034,0
5.80883982680254,5.93272316955372,0
3.0594894696684,5.63043225240341,1
2.75541933713573,2.55298913599157,1
6.66636740721789,5.52924530385343,0
0.518976717284684,1.66557549180202,1
0.38023121528264,2.61157252134761,1
2.20713583111361,3.56076026650204,1
2.47464224900372,3.3666762443013,1
6.63109805199193,5.38040714098491,0
4.27708575007592,4.17727004379324,1
1.91414913822041,2.84541910969462,1
2.70958339458465,3.06023247416304,1
1.57365410512284,4.91147572975624,1
3.7429957108843,4.47939745140429,1
1.4750199522888,3.89770811702445,1
2.08690862386788,1.80657952020432,1
1.88386301202949,3.21882983773607,1
7.02791666384662,5.09300730882464,0
5.23790701159855,5.97825461576326,0
3.81519482555539,5.95645314711978,0
4.87645292306642,5.16676652152301,0
1.2732827954873,4.60853367468093,1
4.81722506462797,3.19640200328087,1
6.95092511290714,5.29284347577652,0
7.42548729173702,6.23752966108826,0
2.652302479935,3.67719819588744,1
5.75720257518889,3.84476110812266,0
1.36989187876396,2.60787286306793,1
2.60075382508366,2.45548850448211,1
2.35391249725286,2.51940823650139,1
2.67892061279713,3.45401769505902,1
7.09039006376313,7.22128048479729,0
5.75905418453407,4.86141912677813,0
2.22653792303562,5.2663034770376,1
5.12160338906954,6.53220657670419,0
5.60865266253323,7.37894090978234,0
1.30072423860983,4.14388096923867,1
3.86205971076237,6.18196003774899,0
1.93710944188177,3.53922025052421,1
4.40246899679958,6.71941732277626,0
4.23974257615333,7.4409155214975,0
5.43931107147339,6.3711114986886,0
5.95549179743055,4.63756743425692,0
6.6643266161291,5.38908351269871,0
4.42707121329663,6.71522559623678,0
3.04012746150891,3.02098619858185,1
6.05508750838284,3.96533096528115,0
3.84132780731933,2.8529227205446,1
7.40229895419666,3.61143698806188,0
2.52121764033833,3.58239510311867,1
2.73807075841234,3.40601544816327,1
2.70107022772511,2.44653501546349,1
1.98756554839585,3.20031575266081,1
3.45824757846391,6.5541020303195,0
2.17086000872701,2.02087787887285,1
5.3610726215514,4.98902782778299,0
5.63677066260357,6.05576499213571,0
5.50687922707095,7.29494643892722,0
5.25297620853848,5.072176765386,0
2.39229745250107,2.67454941937953,1
2.77044415987188,2.51153335643287,1
1.51921941245708,2.7104741199598,1
5.16111050712608,4.9195987453325,0
2.41202735644351,2.86494905188539,1
3.12992096792173,1.95759873261453,1
4.24683996143091,2.41922059466472,1
6.23980343807533,5.58004307233052,0
3.04731073449234,5.6627007798584,1
4.96444303259161,7.28297968612824,0
4.4157621871061,5.08727116685015,0
3.49345614150064,1.99706350873187,1
2.01120167572285,3.54297792600898,1
5.22726195010429,7.78477247062067,0
4.69016013202646,4.40795728618268,0
5.56950109317393,7.52292694759367,0
7.06037282415963,7.62752338477721,0
2.71758164777728,1.77518253738206,1
7.81054505326231,5.80577441570697,0
5.56089355821193,6.6262278595799,0
1.04948645634958,1.75291159161635,1
6.2281780811115,4.10018019819037,0
2.26005581360664,4.2342268031111,1
0.715248892237761,3.16543405633213,1
7.98377358804137,6.46729931255089,0
6.45325985644636,4.13648129506484,0
6.25953758954964,5.89122697440743,0
6.55766580666328,4.97648444784297,0
6.17261158284866,7.8184649433672,0
6.49800032172337,5.32728758091143,0
4.25318080291046,3.04505703388554,1
2.34595431163324,6.99708524418974,0
5.87765635595262,7.22455130192944,0
4.73289086621669,4.4652024299043,0
1.7488785386156,2.18527464604016,1
0.126661187665238,1.5450900757381,1
5.31901225197444,6.102067481171,0
5.89699975576219,5.81353754705327,0
6.80129377488231,5.85072426327932,0
5.2063422789953,6.14132667194583,0
3.28915884572046,4.20904092734584,1
2.78802418386201,2.36476929713294,1
8.07836342322388,4.42637985752401,0
4.32197642395172,3.22159611193339,1
-0.160330405485388,2.18349257991027,1
4.3143464946625,2.80340217502493,1
2.77454462918107,5.11453746087118,1
1.88792670224712,3.67074713861903,1
1.63375439120258,1.34378710827236,1
4.79796291393839,6.20885206108383,0
2.17273245264297,1.94507910809069,1
1.26566780718961,1.93678501819867,1
6.49207309734406,4.99484441390898,0
4.95084082524398,5.69068725101579,0
2.28450155116723,2.01120349425949,1
5.20468851937618,6.16255558322769,0
6.52206943562678,4.72239779377517,0
2.55484670722624,1.13157279132604,1
4.5447399051708,8.65230782753702,0
5.01192555314757,6.93524559653209,0
1.61127611843207,3.39263306552068,1
7.06431599081422,6.49433660005692,0
1.44064662928048,3.23738066639603,1
5.62452604525629,6.87402742622231,0
2.7024625369782,2.82038847537089,1
1.85463530743967,3.63668892634037,1
1.34118221509033,1.40377993544021,1
2.73292201911893,3.02530652878681,1
4.95360824095246,5.53607676656885,0
7.25346454623146,4.86175204946548,0
1.65121617282947,3.3596753451403,1
6.24761051572514,4.67046091758927,0
1.02593285943371,3.40148601216706,1
5.35960981219298,5.33862650415834,0
2.83240769620008,4.00212095958758,1
6.99711623703916,5.03164814607291,0
5.54257155333112,5.59850336772831,0
5.90163828509499,4.72296126171265,0
1.89596047082229,2.4835473371204,1
4.52438584847322,3.36628470685977,1
5.94727704309776,6.69032843217209,0
1.80270678256439,3.173364213239,1
1.95549807639769,3.18273003248503,1
7.04359282679796,4.29299702166992,0
3.8550813209753,6.62832450682399,0
1.19557590647851,2.41280886233602,1
5.05428315799059,7.43748513557412,0
7.94866642294432,6.85088985147234,0
0.643340623665632,3.36357063378346,1
7.70318680723963,6.04449292699392,0
3.76751437952451,1.15950480793206,1
7.11380343670429,5.06724453253071,0
4.47867930702554,5.74498240583427,0
7.13445751929045,4.52871446850194,0
8.85368072571541,5.09587415868143,0
2.53488890087193,3.1451328530534,1
3.47648489448794,5.9299092783383,0
2.23476458765307,3.34044030642688,1
6.33699236572075,7.29368504051487,0
3.40516831005947,2.11539488227551,1
2.24470460298259,3.61014355715025,1
2.67582745833664,3.57296004183105,1
1.95206800767309,2.32483720055871,1
5.92245650386899,5.54217265909761,0
5.36995295428257,5.88018001595472,0
2.49786474601175,1.91177707210934,1
1.52432517073802,4.51847325451956,1
1.07727494858634,2.59098887901399,1
1.84989016375459,2.73002026865781,1
0.698845495875351,3.35914603536631,1
0.890769436219563,3.01041658415173,1
1.53242687803942,3.90985741430264,1
2.5325502326897,2.56361789456591,1
5.92334558066098,5.22296054230876,0
3.28665581165979,1.58657745647035,1
5.70260405554614,4.92362746302592,0
1.12192894958772,4.16288713786795,1
1.96999024199666,2.23470614014177,1
3.83740487395021,6.23089510339787,0
2.75092417529763,4.14807346953344,1
6.98619223878221,5.91242513595922,0
2.03847604795287,2.57071245642737,1
3.15875220485084,6.79993205625192,0
7.01451415533787,5.41256553280271,0
1.01058653659364,2.96869326833203,1
5.24339808001654,5.05440054169755,0
7.42780101875653,6.51170293277495,0
4.44371155067116,5.15463428144725,0
5.62935096390433,5.52135563857714,0
6.24589650394664,5.0446889318963,0
4.47249402509713,7.69921574882628,0
4.72246414381481,5.55463179204094,0
3.44784990501766,6.87204939280849,0
2.20632577366373,1.56613773980171,1
5.02467774796247,5.92760508991656,0
5.80159467245231,6.29399924962834,0
5.36746266528535,5.32624851140712,0
5.12239155811269,4.40080532228521,0
1.40282130617484,0.884850723600411,1
3.73646227026829,3.12750081111591,1
8.07034270452463,6.55682250153994,0
2.44929219807219,1.44490646733238,1
5.6517728881443,5.37038529318558,0
5.33867931103067,6.45503607023864,0
3.040481848792,5.93510672655749,1
6.54642015958423,4.95792145634727,0
3.24577280320293,2.09180132668621,1
2.22422517242206,3.48744938371627,1
2.32736439148254,4.30596978573664,1
4.49375499491717,6.5224881282162,0
4.43437662695281,6.89434287507078,0
6.49800327583919,6.96256449574364,0
4.90753236945963,3.7774102934879,0
0.888782284572905,2.21512226673889,1
2.26628807573021,2.25308226662724,1
7.59800767900413,5.1732578176593,0
3.34348676214869,2.82447530001192,1
5.56445398415527,5.34650387261206,0
2.13842270477311,2.75160819415635,1
5.01303932279311,6.58862653743663,0
4.33447595176837,5.11835455080653,0
6.63212714202012,6.71046782321045,0
2.44615202741595,4.68239972684134,1
5.80050674138101,4.58492344741607,0
6.23668344318173,4.80190341801832,0
6.18465657407382,4.83148622991465,0
4.79382457417969,3.34781992212201,0
3.10824266371498,3.67589938594899,1
2.92800054586562,3.13710822834251,1
6.58895746445378,5.52586004299434,0
1.28986583030305,4.5601853623739,1
6.74756261762358,5.92445883813352,0
4.11597842294436,4.30266688277646,0
6.6363001179296,6.30306075599667,0
5.77061097597307,5.4910517531131,0
1.73752516515715,4.99263888583651,1
6.39462596893562,5.59733032052728,0
2.89472368336942,2.16437608142372,1
1.48125868336331,3.40247396663819,1
6.30889777059271,5.59607809392565,0
5.1343036873429,5.4849747500274,0
5.28654671740938,4.83510779154349,0
6.51466365643662,5.07872071112084,0
7.69934985884016,5.34771551015745,0
2.09200340504834,2.49583591318437,1
1.50739697299786,3.46976931863096,1
1.37706310568026,2.83585239459279,1
4.69374305035709,7.26246312754104,0
6.50231921355551,4.32264955288885,0
3.04546636049888,2.49614116419402,1
1.80130895527906,3.97790002466438,1
0.252108220745521,3.66710318973079,1
5.82192357578873,4.37563003237971,0
2.3421773192658,2.85016152495562,1
5.59810689111291,6.14549587350303,0
6.65544006091439,5.33187770300302,0
1.98703152236438,1.38204483737973,1
1.14662041436916,2.555244233146,1
5.17847791895556,5.50891622137802,0
4.7815340609253,7.09454972311607,0
5.17391721714937,4.50157880437836,0
4.26900722199388,3.51841450598572,0
2.23762482594493,1.91608467351597,1
6.45843905785316,7.00765500387489,0
2.50084010533864,2.86649425393997,1
1.12621091805547,1.27187482928334,1
0.459638436789062,4.0135900300635,1
2.65657983200139,1.73722422839964,1
6.93916305007534,7.74160998512633,0
6.75507400828034,6.35643752708424,0
1.50068743055987,1.30365339894452,1
5.80945082266726,6.07536469476479,0
3.70785806165649,5.19677252073724,0
1.54817842686534,4.50943484813594,1
2.45270434605669,5.00000527072316,1
4.33254944834389,7.21032746426502,0
3.624599309484,3.36112089596858,1
7.01954998427823,6.65045650495993,0
4.41465607514392,7.20340634010113,0
6.46173535593775,5.52215810884291,0
5.40281708247368,6.32077385574537,0
1.64037557853804,1.16174030574052,1
6.27769481320536,5.75962510387793,0
1.58227658433193,3.17880784792882,1
2.93961731556242,2.82899744093941,1
3.0942309963529,2.65434917685842,1
6.00820674986217,6.9763466863525,0
4.93803348777194,6.87263681906542,0
5.36584560510873,7.25111836009354,0
1.92237909577848,2.61022446207712,1
2.01808327636396,4.45791799541246,1
2.01205622104471,1.91010041893844,1
2.40865390349612,5.26906064507889,1
6.06010167491835,6.75817789286242,0
2.65820232391268,2.57295094798314,1
6.10183524320028,3.55167746368641,0
2.16044784006405,2.45952673103318,1
6.12372464565328,4.07593854855892,0
3.86982221151174,5.21522739328884,0
1.26254659909885,1.30998331362898,1
2.76920882460149,1.8749834883485,1
6.20717700830093,6.6458678488292,0
